{
  "cdp_id": "3202eb95-c059-41c1-828f-69c3acda447e",
  "product_id": "PRODUCT123",
  "serial_id": "665b5c4b-f272-4c73-b834-47d9ffa9f8d1",
  "features": {
    "freq_low": 0.9994353652000427,
    "freq_medium_low": 9.428387420484796e-05,
    "freq_medium": 0.0001201579871121794,
    "freq_medium_high": 0.00016289338236674666,
    "freq_high": 0.0001872007705969736,
    "freq_low_to_medium": 8249.025830007162,
    "freq_medium_to_high": 0.6384564033985503,
    "freq_medium_high_to_high": 0.8655298373648961,
    "freq_total_high_freq_ratio": 