Sharpness,Contrast,HistogramPeak,EdgeDensity,EdgeStrength,NoiseLevel,HighFreqEnergy,ColorDiversity,UniqueColors,Saturation,TextureUniformity,CompressionArtifacts,HistogramEntropy,DynamicRange,Brightness,LightingCondition,Label
107.54,84.59,0.096,0.023,23.57,2.0,40162258944.0,0.0003,2519,41.02,0.0593,167.03,6.35,254.0,70.93,bright,real
45.23,35.21,0.234,0.0123,12.34,8.45,12345678901.23,0.0001,856,28.45,0.1234,345.67,5.12,180.0,45.23,avg,fake
98.12,79.45,0.087,0.0215,22.15,2.15,38901234567.89,0.0003,2345,39.87,0.0621,158.92,6.28,250.0,68.45,bright,real
52.34,41.67,0.198,0.0145,15.67,7.89,14567890123.45,0.0001,912,31.23,0.1156,312.45,5.34,195.0,52.34,dull,fake
59.85716871325228,29.344756914604577,0.0371325016021728,0.0084072844824204,22.08102354716767,0.0326889790594577,65139572736.0,0.0238,1199,81.80003766212367,0.0146641479805111,2447.875,5.523906707763672,210.0,213.43473271661605,avg,fake
86.41070908077644,29.92621268642698,0.03153436258435249,0.007355705666335091,24.12437279834841,0.04045852646231651,75486601216.0,0.026,1331,83.28051431671155,0.014789965003728867,2771.0,5.706851005554199,221.0,207.98090873902783,avg,fake
